{
    "version": 2,
    "routes": [
        {
            "src": "/assets/(.*)",
            "dest": "/assets/$1"
        },
        {
            "src": "/admin/(.*)",
            "dest": "/admin/$1"
        },
        {
            "src": "/staff/(.*)",
            "dest": "/staff/$1"
        },
        {
            "src": "/(.*\\.html)",
            "dest": "/$1"
        },
        {
            "src": "/(.*)",
            "dest": "/index.html"
        }
    ],
    "headers": [
        {
            "source": "/assets/(.*)",
            "headers": [
                {
                    "key": "Cache-Control",
                    "value": "public, max-age=31536000, immutable"
                }
            ]
        }
    ]
}